{
  "start_date": "2003-01-01",
  "end_date": null,
  "weights": [
    [
      1.0,
      1.1117055036548003e-18,
      0.0
    ],
    [
      0.9285714285714286,
      0.07142857142857144,
      0.0
    ],
    [
      0.8571428571428571,
      0.14285714285714296,
      0.0
    ],
    [
      0.7857142857142856,
      0.21428571428571427,
      0.0
    ],
    [
      0.7142857142857142,
      0.2857142857142858,
      0.0
    ],
    [
      0.6428571428571428,
      0.3571428571428572,
      2.1566370891208316e-17
    ],
    [
      0.5714285714285716,
      0.42857142857142844,
      0.0
    ],
    [
      0.5000000000000001,
      0.4999999999999999,
      1.3700568294121855e-17
    ],
    [
      0.42857142857142877,
      0.5714285714285712,
      0.0
    ],
    [
      0.3571428571428573,
      0.6428571428571427,
      0.0
    ],
    [
      0.2857142857142857,
      0.7142857142857143,
      0.0
    ],
    [
      0.21428571428571427,
      0.7857142857142856,
      9.096090313117321e-17
    ],
    [
      0.142857142857143,
      0.8571428571428571,
      0.0
    ],
    [
      0.0714285714285715,
      0.9285714285714285,
      3.078856231554334e-17
    ],
    [
      1.5070528303196833e-16,
      0.9999999999999998,
      1.596975983700495e-18
    ]
  ],
  "mean_returns": [
    0.0319678511466578,
    0.037930868880553345,
    0.043893886614448895,
    0.049856904348344416,
    0.05581992208223997,
    0.061782939816135515,
    0.06774595755003104,
    0.07370897528392659,
    0.07967199301782212,
    0.08563501075171766,
    0.09159802848561321,
    0.09756104621950876,
    0.1035240639534043,
    0.10948708168729984,
    0.11545009942119536
  ],
  "volatilities": [
    0.04518949370319158,
    0.04547643554244284,
    0.04799904933727413,
    0.052435655655852516,
    0.0583512975860619,
    0.06534551687021929,
    0.07310941060654244,
    0.08142310459922836,
    0.09013459216670747,
    0.09913906468532695,
    0.108363509944285,
    0.11775624453654168,
    0.1272800167598803,
    0.13690748301163802,
    0.14661821797412983
  ],
  "asset_means": [
    0.0319678511466578,
    0.11545009942119538,
    0.0869066054747861
  ],
  "asset_stds": [
    0.04518949370319158,
    0.14661821797412986,
    0.16921551482649347
  ],
  "cov_matrix": [
    [
      0.0020420903411507915,
      0.001489947833623642,
      0.0023416354560447873
    ],
    [
      0.001489947833623642,
      0.021496901841909454,
      0.02119192337444322
    ],
    [
      0.0023416354560447873,
      0.02119192337444322,
      0.028633890457995234
    ]
  ]
}