{
  "start_date": "2003-01-01",
  "end_date": null,
  "weights": [
    [
      1.0,
      1.652256221975316e-18,
      0.0
    ],
    [
      0.9285714285714285,
      0.07142857142857145,
      5.92923478725228e-17
    ],
    [
      0.8571428571428572,
      0.1428571428571427,
      4.796487276030441e-18
    ],
    [
      0.7857142857142857,
      0.21428571428571436,
      0.0
    ],
    [
      0.7142857142857142,
      0.28571428571428586,
      0.0
    ],
    [
      0.6428571428571428,
      0.3571428571428572,
      0.0
    ],
    [
      0.5714285714350656,
      0.4285714285649343,
      0.0
    ],
    [
      0.49999999999999983,
      0.5000000000000001,
      8.467124541525736e-17
    ],
    [
      0.4285714285735461,
      0.571428571426454,
      0.0
    ],
    [
      0.3571428571428571,
      0.642857142857143,
      0.0
    ],
    [
      0.28571428571428537,
      0.7142857142857144,
      2.372017802371245e-16
    ],
    [
      0.21428571428930487,
      0.7857142857106952,
      0.0
    ],
    [
      0.14285714285714288,
      0.8571428571428569,
      2.493576986911792e-16
    ],
    [
      0.07142857142857124,
      0.9285714285714287,
      1.0384455706732554e-16
    ],
    [
      4.1015431526245764e-13,
      0.9999999999995899,
      1.5720931501039814e-18
    ]
  ],
  "mean_returns": [
    0.03215906533435057,
    0.03813421127335368,
    0.04410935721235677,
    0.050084503151359906,
    0.056059649090363026,
    0.062034795029366124,
    0.06800994096782596,
    0.07398508690737236,
    0.07996023284619833,
    0.08593537878537857,
    0.09191052472438169,
    0.09788567066308444,
    0.10386081660238788,
    0.10983596254139102,
    0.1158111084803598
  ],
  "volatilities": [
    0.045223782972117404,
    0.0455035820077496,
    0.048017172235136074,
    0.05244434295591251,
    0.05835115090032013,
    0.0653375232114166,
    0.07309455856629565,
    0.0814022387254251,
    0.0901083895736792,
    0.09910805566856534,
    0.10832810784784112,
    0.11771677291689363,
    0.12723673104477856,
    0.13686058692165223,
    0.14656787575316912
  ],
  "asset_means": [
    0.03215906533435057,
    0.11581110848039411,
    0.08709257475751758
  ],
  "asset_stds": [
    0.045223782972117404,
    0.14656787575322505,
    0.16924811682569524
  ],
  "cov_matrix": [
    [
      0.0020451905463091764,
      0.0014889825644611903,
      0.0023488482616579064
    ],
    [
      0.0014889825644611903,
      0.021482142202812818,
      0.021198844310594885
    ],
    [
      0.0023488482616579064,
      0.021198844310594885,
      0.02864492504904418
    ]
  ]
}