{
  "start_date": "2003-01-01",
  "end_date": null,
  "weights": [
    [
      0.9999999999997756,
      2.2436840861304278e-13,
      2.846030702774449e-19
    ],
    [
      0.9285714285688552,
      0.07142857143114467,
      6.938893903907227e-18
    ],
    [
      0.8571428571428571,
      0.14285714285714293,
      0.0
    ],
    [
      0.7857142857142857,
      0.21428571428571422,
      0.0
    ],
    [
      0.7142857142857144,
      0.28571428571428564,
      2.368706206577321e-17
    ],
    [
      0.642857142857143,
      0.3571428571428571,
      0.0
    ],
    [
      0.5714285714285714,
      0.42857142857142866,
      0.0
    ],
    [
      0.5000000000000001,
      0.4999999999999999,
      0.0
    ],
    [
      0.42857142857142855,
      0.5714285714285714,
      0.0
    ],
    [
      0.35714285714285743,
      0.6428571428571427,
      0.0
    ],
    [
      0.28571428571428586,
      0.7142857142857142,
      0.0
    ],
    [
      0.21428571428571438,
      0.7857142857142856,
      1.2459574696179678e-16
    ],
    [
      0.14285714285714285,
      0.8571428571428572,
      0.0
    ],
    [
      0.07142857142857144,
      0.9285714285714286,
      5.09019514003263e-18
    ],
    [
      7.350803612642668e-13,
      0.9999999999992648,
      0.0
    ]
  ],
  "mean_returns": [
    0.03215055890909157,
    0.038120048323097226,
    0.044089537736691546,
    0.05005902715050089,
    0.05602851656431025,
    0.06199800597811961,
    0.06796749539192898,
    0.07393698480573832,
    0.07990647421954769,
    0.08587596363335703,
    0.09184545304716639,
    0.09781494246097576,
    0.10378443187478514,
    0.10975392128859449,
    0.11572341070234239
  ],
  "volatilities": [
    0.04522183321502687,
    0.045500974626291386,
    0.0480145348914741,
    0.052442204435440516,
    0.05834986227532663,
    0.06533728204744768,
    0.07309546360372146,
    0.08140433372883349,
    0.0901116900103684,
    0.09911256317698199,
    0.10833381770617549,
    0.11772367779837484,
    0.12724482286621086,
    0.13686985772780025,
    0.14657831810629723
  ],
  "asset_means": [
    0.03215055890907282,
    0.11572341070240384,
    0.08741139757389269
  ],
  "asset_stds": [
    0.04522183321502963,
    0.14657831810639754,
    0.16931470797042153
  ],
  "cov_matrix": [
    [
      0.0020450141993279573,
      0.0014882223305564871,
      0.002351751454317372
    ],
    [
      0.0014882223305564871,
      0.02148520333890027,
      0.02119020624986642
    ],
    [
      0.002351751454317372,
      0.02119020624986642,
      0.02866747033510912
    ]
  ]
}