{
  "method_name": "Pure RL (Annual)",
  "num_goals": 4,
  "mean_reward": 69.5083,
  "std_reward": 15.175172852722303,
  "efficiency": 0.958511740021981,
  "num_simulations": 100000,
  "goal_success_rate": 0.8765375,
  "mean_final_wealth": 467995.6356459174,
  "std_final_wealth": 402227.0079785427,
  "mean_vix_sentiment": 0.0,
  "_cache_timestamp": "2026-03-01T22:34:27.364784",
  "_config_hash": "pure_rl_annual_4goals_100000sims_0c44f995"
}